<?xml version="1.0" encoding="UTF-8"?>
<project-private xmlns="http://www.netbeans.org/ns/project-private/1">
    <editor-bookmarks xmlns="http://www.netbeans.org/ns/editor-bookmarks/2" lastBookmarkId="0"/>
    <open-files xmlns="http://www.netbeans.org/ns/projectui-open-files/2">
        <group>
            <file>file:/C:/Users/Tatiana%20lludi/Desktop/JavaDebate/src/javadebate/acceso.java</file>
            <file>file:/C:/Users/Tatiana%20lludi/Desktop/JavaDebate/src/javadebate/KeyADapter.java</file>
            <file>file:/C:/Users/Tatiana%20lludi/Desktop/JavaDebate/src/javadebate/JOptionPane.java</file>
            <file>file:/C:/Users/Tatiana%20lludi/Desktop/JavaDebate/src/javadebate/Validaciones.java</file>
            <file>file:/C:/Users/Tatiana%20lludi/Desktop/JavaDebate/src/javadebate/JavaMain.java</file>
            <file>file:/C:/Users/Tatiana%20lludi/Desktop/JavaDebate/src/javadebate/VentanaS.java</file>
            <file>file:/C:/Users/Tatiana%20lludi/Desktop/JavaDebate/src/javadebate/DefualtListaModel.java</file>
            <file>file:/C:/Users/Tatiana%20lludi/Desktop/JavaDebate/src/javadebate/Carbol.java</file>
            <file>file:/C:/Users/Tatiana%20lludi/Desktop/JavaDebate/src/javadebate/JavaDebate.java</file>
        </group>
    </open-files>
</project-private>
